<?xml version='1.0' encoding='UTF-8' ?>
<timeLogEntries>
  <time id="93" start="@1526083770000" flag="M" />
  <time id="95" start="@1526136439000" flag="M" />
  <time id="96" start="@1526223619000" flag="M" />
  <time id="97" start="@1526255540000" flag="M" />
  <time id="105" start="@1526315332000" flag="M" />
  <time id="98" start="@1526497220000" flag="M" />
  <time id="99" start="@1526520620000" flag="M" />
  <time id="100" start="@1526567439000" flag="M" />
  <time id="101" start="@1526598022000" flag="M" />
  <time id="102" start="@1526670254000" flag="M" />
  <time id="103" start="@1526757780000" flag="M" />
  <time id="104" start="@1526869533000" flag="M" />
  <time id="106" start="@1526921244000" flag="M" />
  <time id="107" start="@1527022161000" flag="M" />
  <time id="109" start="@1527036659000" flag="M" />
  <time id="110" start="@1527037905000" flag="M" />
  <time id="92" start="@1526083767000" flag="M" />
  <time id="94" start="@1526136432000" flag="M" />
  <time id="91" start="@1526078345000" flag="M" />
</timeLogEntries>
