<?xml version='1.0' encoding='UTF-8' ?>
<timeLogEntries>
  <time id="7" path="/PSP_JDC/PSP0/Planning" start="@1485520162287" delta="16" interrupt="4" />
  <time id="10" path="/PSP_JDC/PSP0/Planning" start="@1485522250660" delta="3" />
  <time id="12" path="/PSP_JDC/PSP0/Planning" start="@1485522566078" delta="43" />
  <time id="13" path="/PSP_JDC/PSP0/Code" start="@1485535087941" delta="11" />
  <time id="14" path="/PSP_JDC/PSP0/Planning" start="@1485535957930" delta="1" />
  <time id="15" path="/PSP_JDC/PSP0/Code" start="@1485536138104" delta="1" />
  <time id="16" path="/PSP_JDC/PSP0/Planning" start="@1485536221865" delta="1" />
  <time id="17" path="/PSP_JDC/PSP0/Planning" start="@1485549803579" delta="4" interrupt="1" />
  <time id="18" path="/PSP_JDC/PSP0/Code" start="@1485615559380" delta="20" interrupt="4" />
  <time id="19" path="/PSP_JDC/PSP0/Code" start="@1485617212909" delta="10" interrupt="2" />
  <time id="20" path="/PSP_JDC/PSP0/Code" start="@1485620207401" delta="7" />
  <time id="21" path="/PSP_JDC/PSP0/Code" start="@1485621287448" delta="23" interrupt="4" />
  <time id="22" path="/PSP_JDC/PSP0/Code" start="@1485623581625" delta="5" />
  <time id="23" path="/PSP_JDC/PSP0/Code" start="@1485626664616" delta="8" interrupt="20" />
  <time id="24" path="/PSP_JDC/PSP0/Code" start="@1485628494065" delta="3" />
  <time id="25" path="/PSP_JDC/PSP0/Test" start="@1485633753609" delta="3" />
  <time id="26" path="/PSP_JDC/PSP0/Planning" start="@1485634481634" delta="33" interrupt="4" />
  <time id="91" path="/PSP_CAICEDO_JUAN_DIEGO/PSP0/Planning" start="@1510439945000" delta="90" />
  <time id="92" path="/PSP_CAICEDO_JUAN_DIEGO/PSP0/Design" start="@1510445367000" delta="210" />
  <time id="93" path="/PSP_CAICEDO_JUAN_DIEGO/PSP0/Code" start="@1510445370000" delta="360" />
  <time id="94" path="/PSP_CAICEDO_JUAN_DIEGO/PSP0/Design" start="@1510498032000" delta="420" />
  <time id="95" path="/PSP_CAICEDO_JUAN_DIEGO/PSP0/Code" start="@1510498039000" delta="660" />
  <time id="96" path="/PSP_CAICEDO_JUAN_DIEGO/PSP0/Code" start="@1510585219000" delta="240" />
  <time id="97" path="/PSP_CAICEDO_JUAN_DIEGO/PSP0/Code" start="@1510617140000" delta="120" />
  <time id="98" path="/PSP_CAICEDO_JUAN_DIEGO/PSP0/Code" start="@1510858820000" delta="120" />
  <time id="99" path="/PSP_CAICEDO_JUAN_DIEGO/PSP0/Code" start="@1510882220000" delta="240" />
  <time id="100" path="/PSP_CAICEDO_JUAN_DIEGO/PSP0/Code" start="@1510929039000" delta="180" />
  <time id="101" path="/PSP_CAICEDO_JUAN_DIEGO/PSP0/Code" start="@1510959622000" delta="300" />
  <time id="102" path="/PSP_CAICEDO_JUAN_DIEGO/PSP0/Code" start="@1511031854000" delta="420" />
  <time id="103" path="/PSP_CAICEDO_JUAN_DIEGO/PSP0/Code" start="@1511119380000" delta="300" />
  <time id="104" path="/PSP_CAICEDO_JUAN_DIEGO/PSP0/Code" start="@1511231133000" delta="180" />
  <time id="105" path="/PSP_CAICEDO_JUAN_DIEGO/PSP0/Code" start="@1510676932000" delta="540" />
  <time id="106" path="/PSP_CAICEDO_JUAN_DIEGO/PSP0/Code" start="@1511282844000" delta="540" />
  <time id="107" path="/PSP_CAICEDO_JUAN_DIEGO/PSP0/Code" start="@1511383761000" delta="240" />
  <time id="109" path="/PSP_CAICEDO_JUAN_DIEGO/PSP0/Test" start="@1511398259000" delta="20" />
  <time id="110" path="/PSP_CAICEDO_JUAN_DIEGO/PSP0/Postmortem" start="@1511399505000" delta="30" />
</timeLogEntries>
